cohort	full_name	endpoint	n	events	logrank_p	median_surv_high	median_surv_low	uni_HR	uni_HR_lo	uni_HR_hi	uni_p	adj_covariates	n_adj	events_adj	adj_HR	adj_HR_lo	adj_HR_hi	adj_p	ph_p_NCL	ph_p_min_any	logrank_q	uni_q	adj_q
ACC	Adrenocortical carcinoma	OS	76	26	0.012609452322219102	55.13364237	inf	2.2999691792634467	1.280016333922437	4.132649002494927	0.005342305585850749	age+male+stage	74	25	2.162134537741882	1.1033387251492777	4.236981493297822	0.02467429927049581	0.8811152499553486	0.2344420654456974	0.1632342851200288	0.0441405554851624	0.1184366364983799
ACC	Adrenocortical carcinoma	DSS	74	24	0.014909829406981845	69.20472104	inf	2.1859165315916003	1.2033572511230162	3.970750231177179	0.010235110429099246	age+male+stage	73	24	2.212872008323859	1.0707905724919478	4.5730721310212985	0.0319815430167803	0.8466175014436164	0.2229566402822614	0.08945897644189107	0.040940441716396984	0.16178712364300468
ACC	Adrenocortical carcinoma	PFS	76	39	4.138562552292041e-06	13.61080975	inf	3.092087517481417	1.8320141121155231	5.21884910849502	2.3691254680240283e-05	age+male+stage	74	38	2.4138192768747273	1.4008133147604716	4.159386150900716	0.0015036772570862123	0.2081189125253424	0.17916279701583054	0.0001324340016733453	0.0007581201497676891	0.043606640455500154
BLCA	Bladder urothelial carcinoma	OS	404	177	0.22250866540264772	33.00785745	44.94197324	1.2505812272422583	1.0538852084860828	1.4839883825463194	0.010434745942604724	age+male+stage	402	176	1.2676995422734298	1.058708162167344	1.5179462923855727	0.009862158270926666	0.6151332708151857	0.08721957968060746	0.5158314725294014	0.04869548106548871	0.07889726616741333
BLCA	Bladder urothelial carcinoma	DSS	391	121	0.23831743153233567	86.82644574	inf	1.3197865027697802	1.069117471759296	1.6292282736966144	0.009827308584744609	age+male+stage	389	121	1.3216725707354715	1.0585654418213055	1.6501751476309645	0.013797913798889038	0.30458668214840406	0.07252642620387649	0.4085441683411469	0.040940441716396984	0.1448780948883349
BLCA	Bladder urothelial carcinoma	PFS	405	174	0.2158770830347183	29.8188513	30.14761482	1.289009216243308	1.0871985259564196	1.5282809164025577	0.0034742613576249077	age+male+stage	403	174	1.2722921706208168	1.064970769369559	1.5199735185044405	0.00796440378997672	0.48086132770325585	0.13701851391482367	0.5053637946686957	0.02223527268879941	0.057741927477331215
BRCA	Breast invasive carcinoma	OS	1065	151	0.23949318367436495	120.6233356	212.2497288	1.0938755301355343	0.930953829505738	1.2853093649816936	0.27550972660100026	age+male+stage	1046	143	1.2329981432296966	1.0388406839502646	1.4634432831672428	0.0165821465669308	0.45051282961600314	0.0003669187833781189	0.5158314725294014	0.48192202465772455	0.0994928794015848
BRCA	Breast invasive carcinoma	DSS	1044	83	0.9508203217168729	inf	inf	0.9862512709340968	0.7969373924729145	1.2205369940050592	0.8986959697979442	age+male+stage	1026	80	1.10828180155064	0.8817273709867223	1.3930480010774542	0.37823336464861435	0.32789022900859305	0.004337596761795305	0.9508203217168729	0.8986959697979442	0.49643129110130635
BRCA	Breast invasive carcinoma	PFS	1063	145	0.7153702880538491	146.4970247	168.2282934	0.9839391769894489	0.8361579372775939	1.1578390407520163	0.8453997781636005	age+male+stage	1044	139	1.0438987964815698	0.8789979908857113	1.2397351400059773	0.6243117499769588	0.21764132767209687	0.027784512072857894	0.798932767948255	0.9328549276288005	0.9052520374665903
CESC	Cervical squamous cell carcinoma and endocervical adenocarcinoma	OS	281	68	0.3296880867477048	inf	94.94690469	1.1695644672278829	0.8848826975813331	1.545833189801199	0.27107106278053217	age+grade	254	58	1.249328279809862	0.9127869736408485	1.7099511669267096	0.16449395695521993	0.9612842823028042	0.5164036184175684	0.5176211013150285	0.48192202465772455	0.3946470854702408
CESC	Cervical squamous cell carcinoma and endocervical adenocarcinoma	DSS	277	51	0.2172458431960545	inf	inf	1.1201634773499891	0.8187122668293065	1.5326095220830818	0.4780539741327059	age+grade	251	44	1.130823467118392	0.8044616998539926	1.589586818139077	0.47917125704401176	0.7532758731167697	0.2603884684789336	0.4085441683411469	0.7170809611990588	0.5919174351720146
CESC	Cervical squamous cell carcinoma and endocervical adenocarcinoma	PFS	281	68	0.7637377522178155	inf	inf	1.2886417288634442	0.9738869869304253	1.7051234153997377	0.07593429458066336	age+grade	254	59	1.2266718482991572	0.9117696818668135	1.6503332511877409	0.1771004549906857	0.32618653484986404	0.32618653484986404	0.798932767948255	0.22089976605283887	0.46690119952089865
CHOL	Cholangiocarcinoma	OS	36	18	0.378664062462584	30.37774929	40.10914949	0.9421070763344097	0.5881438125867001	1.509096456146991	0.8040678705329309	age+male+stage+grade	36	18	0.9782147686916587	0.5897193270629658	1.6226433317901148	0.9320207062159929	0.5819401704759852	0.48533904739261624	0.5301296874476176	0.8915347509539029	0.9320207062159929
CHOL	Cholangiocarcinoma	DSS	35	16	0.3593855687722035	inf	40.10914949	0.927408073515312	0.5634565268589472	1.526445597526447	0.7669110349473177	age+male+stage+grade	35	16	0.9981389991283206	0.578235099677585	1.722969536329422	0.9946640313831668	0.69841810736021	0.40333685085835724	0.507367861796052	0.8366302199425284	0.9946640313831668
CHOL	Cholangiocarcinoma	PFS	36	20	0.3660719250080746	18.04911727	9.698523852	0.9332188243167646	0.5897154898554904	1.4768093920554428	0.767895410814436	age+male+stage+grade	36	20	0.9402278301381709	0.5778425098952734	1.5298777044398344	0.8040279144566549	0.4918463999816708	0.13362762425230734	0.6121778236987041	0.9100982646689612	0.912456128723859
COAD	Colon adenocarcinoma	OS	273	66	0.827212298125679	65.85133314	83.24292337	0.9483406128255817	0.7458595359905721	1.2057899303251223	0.6651263313340763	age+male+stage	266	62	0.9508060889623436	0.7497789322537597	1.2057316895934096	0.6772330129945424	0.15324444001114257	0.07393856894927316	0.8908440133661158	0.8465244216979152	0.8126796155934508
COAD	Colon adenocarcinoma	DSS	259	34	0.8675447050969728	inf	inf	1.0717824958684938	0.7626009613702255	1.5063155918215814	0.6897334213087511	age+male+stage	253	32	1.0705531140542661	0.769050577649073	1.4902582526038466	0.6862377856016627	0.1322019984881423	0.1322019984881423	0.9268840067018671	0.7882667672100014	0.8006107498686066
COAD	Colon adenocarcinoma	PFS	272	78	0.672121876689511	inf	63.41848309	1.012591961773109	0.8182421983008448	1.2531038892600885	0.908378091343033	age+male+stage	265	76	0.9721385210700964	0.794784719756714	1.1890682856077526	0.7833535437622194	0.11782272447504237	0.11782272447504237	0.798932767948255	0.9451308625036343	0.912456128723859
DLBC	Lymphoid neoplasm diffuse large B-cell lymphoma	PFS	46	12	0.3801564277751942	inf	120.6233356	1.3474412016589572	0.675311810463233	2.6885325619919453	0.3974970465894694	age+male	46	12	1.343150576370252	0.6649894104238492	2.712905562892915	0.4107880079150835	0.9762929805725847	0.08136914557317299	0.6121778236987041	0.635995274543151	0.7007560135022013
ESCA	Esophageal carcinoma	OS	178	75	0.7283739225370935	44.74471513	25.08465661	0.9998310499918447	0.7854546384105013	1.2727178370870378	0.9989050781708333	age+male+stage	156	63	1.0788968092223767	0.8197297250944562	1.4200025805043213	0.5879696007725711	0.6252307761692104	0.004607560821858537	0.8460958706057289	0.9989050781708333	0.7839594676967615
ESCA	Esophageal carcinoma	DSS	176	49	0.6000372622854684	46.19127462	31.56129796	1.0744116982817182	0.7902784285169661	1.460701008340662	0.6469491572320631	age+male+stage	154	38	1.2828477060126997	0.8856046802391864	1.8582763546118246	0.18769776805589877	0.4512014787516313	0.007955847841124955	0.7341966518511462	0.7763389886784757	0.3583321026521704
ESCA	Esophageal carcinoma	PFS	178	83	0.4400028107834436	24.62438768	18.64089161	1.0542326920378577	0.8348960536299515	1.3311915466952178	0.6572162581810806	age+male+stage	156	69	1.0794982015045262	0.8330443886420543	1.398864673887413	0.5629181349352155	0.22661217138372625	0.22661217138372625	0.6121778236987041	0.8412368104717832	0.9052520374665903
GBM	Glioblastoma multiforme	OS	151	119	0.19388019374556345	14.92586383	12.49301378	1.0458995733809704	0.8815772749150897	1.2408508575766732	0.6068220334565685	none	151	119							0.5158314725294014	0.8090960446087581	
GBM	Glioblastoma multiforme	DSS	138	104	0.32468172314962074	14.95874018	12.9532827	1.0457100527290202	0.8727366327873038	1.2529662137432371	0.6280440554820601	none	138	104							0.4870225847244311	0.7763389886784757	
GBM	Glioblastoma multiforme	PFS	151	118	0.07726755789797923	7.364302857	5.786237959	0.881936244449995	0.7390284318025293	1.0524785052957137	0.1636508642320449	none	151	118							0.22477835024866685	0.3491218436950291	
HNSC	Head and neck squamous cell carcinoma	OS	512	216	0.22862598855016905	56.48157281	56.94184173	1.080901783446874	0.9438025171804778	1.2379164541211074	0.26093765895519005	age+male+stage+grade	424	181	1.063416241191797	0.9066734294880767	1.2472562504329583	0.4497992469285911	0.5405431011439552	0.2183795395254049	0.5158314725294014	0.48192202465772455	0.7196787950857458
HNSC	Head and neck squamous cell carcinoma	DSS	487	128	0.21312723299985584	84.49222474	inf	1.0590013302597654	0.8867078512851891	1.264772625917861	0.5268872920167296	age+male+stage+grade	406	109	1.0199886820256685	0.8349280233155726	1.2460677835785559	0.8463650344635741	0.9343266824808616	0.031813243135166216	0.4085441683411469	0.7333791211863316	0.9029239414924357
HNSC	Head and neck squamous cell carcinoma	PFS	512	194	0.4266506650638625	56.4158201	61.11713844	1.0361512306824885	0.8990113433439306	1.1942111529443844	0.6239456384223301	age+male+stage+grade	424	166	1.0435119445630123	0.888687839191572	1.225308967247997	0.6032111918619332	0.3282423229131794	0.03101681807697212	0.6121778236987041	0.8412368104717832	0.9052520374665903
KICH	Kidney chromophobe	PFS	65	11	0.06551283053655169	inf	inf	1.5791717939388956	0.7875422243291367	3.16653949176694	0.19804784200538186	age+male+stage	65	11	1.6688145215876975	0.6684147795727068	4.166487625007765	0.27263516009352484	0.8483453782272228	0.24731814097103288	0.2096410577169654	0.3960956840107637	0.5544575861154754
KIRC	Kidney renal clear cell carcinoma	OS	505	166	0.00289215799926616	inf	78.44297597	0.8457805913276782	0.7415758386059557	0.9646279873563994	0.012532192040151904	age+male+stage+grade	497	165	0.885182529279191	0.7585093976843219	1.033010418240335	0.12167081108064502	0.03816640008522365	7.4385092978043e-05	0.08098042397945249	0.050128768160607615	0.36501243324193505
KIRC	Kidney renal clear cell carcinoma	DSS	495	106	0.0014296187027255834	inf	116.8425552	0.8136816595226816	0.6964831441481381	0.9506013872788928	0.009366017362856329	age+male+stage+grade	487	106	0.8506370410305907	0.6977010829653512	1.0370965349486394	0.10965315045889468	0.009714178425293039	0.007838841380979364	0.017155424432707	0.040940441716396984	0.23027161596367884
KIRC	Kidney renal clear cell carcinoma	PFS	503	155	0.009915765290572172	123.8123418	72.95262518	0.8947322672373873	0.777741577946166	1.029321117368844	0.11976642334968465	age+male+stage+grade	495	154	1.0123957859757369	0.8529744184788858	1.2016130909168656	0.8879332971473857	0.00642669559677226	6.652240295487227e-05	0.04532921275690136	0.27375182479927923	0.9212662500378795
KIRP	Kidney renal papillary cell carcinoma	OS	278	41	0.12195461814413638	inf	inf	1.9002392496978984	1.2933002590479246	2.7920115076375516	0.0010752922028190851	age+male+stage	249	38	2.120202309402981	1.3677744877785836	3.286548969120288	0.0007784066503362873	0.5000056640958583	0.0001765964379059387	0.4878184725765455	0.015054090839467193	0.018681759608070895
KIRP	Kidney renal papillary cell carcinoma	DSS	274	27	0.006446958571207937	inf	inf	2.9248009525265797	1.739282832514579	4.918383860279194	5.186014212958984e-05	age+male+stage	245	25	2.901816411487679	1.5970206745219826	5.272654650197095	0.0004716342413380796	0.341779822406971	0.07660605883004565	0.051575668569663495	0.001244643411110156	0.009904319068099672
KIRP	Kidney renal papillary cell carcinoma	PFS	276	52	0.003308543238324747	103.7906434	inf	1.5748246262434757	1.1403998514795253	2.174739500540377	0.005820034451846206	age+male+stage	247	47	1.5335238996845468	1.0710618401520478	2.195667386086553	0.019551357367495314	0.7521693825145859	0.007139558104570645	0.02117467672527838	0.025309791006675013	0.09449822727622735
LAML	Acute myeloid leukemia	OS	149	93	0.9137701202662488	18.96965513	17.02995036	1.0403973082159603	0.8522948391651783	1.2700142124563976	0.6971154937858731	none	149	93							0.9184503764738705	0.848662340261063	
LGG	Brain lower grade glioma	OS	503	122	0.22016578893596653	94.51951212	87.45109643	1.2256414020269517	1.0001079548312033	1.5020346944606897	0.04987850901259606	age+male+grade	502	122	1.0446635985820907	0.8547171372529501	1.2768224558009669	0.669559831591854	0.06482204298556084	0.003797644058121109	0.5158314725294014	0.1745747815440862	0.8126796155934508
LGG	Brain lower grade glioma	DSS	494	110	0.11011533342372634	94.51951212	93.20445803	1.2772575727239788	1.0288176421573594	1.5856910303947005	0.02659630419429648	age+male+grade	493	110	1.1020649577206885	0.8900182889801365	1.364631700352631	0.37274181235068726	0.09469293606879166	0.0037698401382565147	0.2936408891299369	0.07978891258288943	0.49643129110130635
LGG	Brain lower grade glioma	PFS	502	189	0.059449983125907845	38.00506296	48.49261926	1.1754899187349594	1.012096891782912	1.3652611328678037	0.03422295210968136	age+male+grade	501	189	1.0801103594254018	0.9319650563905559	1.2518048617148696	0.30590763371888297	0.07062971125076076	0.012044562490885874	0.2096410577169654	0.12168160750108929	0.5544575861154754
LIHC	Liver hepatocellular carcinoma	OS	358	127	0.08569424349439377	45.9282638	58.8815465	1.4536975286385276	1.1922619027636454	1.7724599770162175	0.00021694067330826672	age+male+stage+grade	335	113	1.3184566372633764	1.072823194668257	1.6203302771444867	0.008583304368222543	0.0036626010806224984	0.0036626010806224984	0.4037184566809369	0.006074338852631468	0.07889726616741333
LIHC	Liver hepatocellular carcinoma	DSS	350	77	0.08851176789268925	80.74432061	83.24292337	1.5001904263172499	1.153088746856523	1.9517763236778576	0.002520166857873594	age+male+stage+grade	327	65	1.3121455015415526	0.9911957861247922	1.737018903144294	0.0576730911640106	0.10520665536768851	0.03077907342930631	0.26553530367806777	0.020161334862988753	0.17301927349203178
LIHC	Liver hepatocellular carcinoma	PFS	359	176	0.0023471792748086706	18.04911727	35.60508926	1.257134136973874	1.0666947768999755	1.4815730540445318	0.006327447751668753	age+male+stage+grade	336	161	1.1569262664332882	0.9762913639967724	1.370982511290239	0.09238663429403292	0.7811074611698452	0.046633226844636576	0.018777434198469365	0.025309791006675013	0.33490154931586935
LUAD	Lung adenocarcinoma	OS	495	180	0.08651109786020078	42.50912319	52.60216326	1.224909828106186	1.0540230201462704	1.4235021990154544	0.008138063715396743	age+male+stage	483	177	1.1347752192095135	0.9709061090940677	1.3263020863402943	0.1120797310704098	0.016458614252862488	0.016458614252862488	0.4037184566809369	0.04557315680622176	0.36501243324193505
LUAD	Lung adenocarcinoma	DSS	460	110	0.23763857592209447	88.14149982	76.20738403	1.2815737996520051	1.0521996104149745	1.5609504011379771	0.013675674681100147	age+male+stage	448	107	1.179180679300304	0.9642290865852404	1.4420505394204421	0.1084492084021208	0.005472151722997676	0.005472151722997676	0.4085441683411469	0.04688802747805765	0.23027161596367884
LUAD	Lung adenocarcinoma	PFS	495	203	0.41548541099145175	35.83522372	36.13111089	1.156528298437372	1.003977272932106	1.3322589476354563	0.04390848223313935	age+male+stage	483	197	1.1121574614850571	0.9620700737411496	1.28565917691114	0.1506668319106659	0.001638088941890639	0.001638088941890639	0.6121778236987041	0.1405071431460459	0.4369338125409311
LUSC	Lung squamous cell carcinoma	OS	474	202	0.6812798467967737	48.82138278	60.52536411	1.00742781256187	0.8760918302914265	1.158452530239428	0.917298700903771	age+male+stage	466	199	0.9914513620323768	0.8611922869710165	1.1414126881386448	0.9049060922683634	0.9273107748152948	0.4386319030589013	0.8293841613178113	0.9512727268631699	0.9320207062159929
LUSC	Lung squamous cell carcinoma	DSS	425	81	0.08590833504972015	110.9905645	inf	1.286146512125941	1.004322732522068	1.6470530807360535	0.0461362520447788	age+male+stage	417	80	1.2841521434415422	0.9937426069147164	1.6594304360415022	0.05587919336168987	0.6504037257034162	0.05071266235093656	0.26553530367806777	0.11072700490746912	0.17301927349203178
LUSC	Lung squamous cell carcinoma	PFS	475	137	0.00817947927709014	57.76375053	inf	1.3023802050479985	1.0787433067469776	1.5723798125949473	0.005986738641112938	age+male+stage	467	134	1.3092687409022792	1.0779708782813728	1.5901956819434613	0.006588066206256271	0.943823818845578	0.00917288770362481	0.043623889477814086	0.025309791006675013	0.057741927477331215
MESO	Mesothelioma	OS	85	73	0.23306098035653128	15.41900911	18.80527337	1.032368314450917	0.7747118427949304	1.3757171090055809	0.8278536973143384	age+male+stage	85	73	1.027670554434442	0.7592565141082783	1.3909749193155834	0.8597242705663523	0.7171535510819149	0.23702443155043407	0.5158314725294014	0.8915347509539029	0.9320207062159929
MESO	Mesothelioma	DSS	65	43	0.15517393961300294	14.99161653	25.93944176	1.1460214258247594	0.7874486350118427	1.6678740047973568	0.476538359792131	age+male+stage	65	43	1.2295744380945848	0.8094198745339576	1.8678232971312922	0.3326433644928236	0.2919073399335258	0.10950949272706767	0.37241745507120705	0.7170809611990588	0.49643129110130635
MESO	Mesothelioma	PFS	83	59	0.6148623566730753	11.9998685	15.48476181	0.9228730431661462	0.6865752204141695	1.240497222269349	0.5948173288512316	age+male+stage	83	59	0.9843523231745843	0.7199909841694118	1.3457800409223049	0.9212662500378794	0.7904070270069405	0.5429990098024989	0.7973079662347007	0.8412368104717832	0.9212662500378795
OV	Ovarian serous cystadenocarcinoma	OS	412	258	0.32499049285615333	43.69267186	44.54745701	0.9270163087345297	0.804997103195534	1.0675308435874635	0.29259551497076136	age+grade	343	210	0.9541750027441941	0.8053136069571425	1.1305532751420846	0.587790699928741	0.6041192053672497	0.0025111170643958747	0.5176211013150285	0.48192202465772455	0.7839594676967615
OV	Ovarian serous cystadenocarcinoma	DSS	382	221	0.6118305432092885	47.40769964	45.9940165	0.8942539708479453	0.7781468066841605	1.027685466942874	0.11523361025360827	age+grade	315	176	0.9162934598957209	0.7762173442058304	1.0816476994683528	0.30172142658236256	0.6549281619216432	0.003570689066274515	0.7341966518511462	0.2514187860078726	0.4873961506330472
OV	Ovarian serous cystadenocarcinoma	PFS	412	297	0.15279273424461634	18.90390242	15.55051452	0.8554120250441573	0.7750636654966391	0.9440898408278164	0.0019145425232962485	age+grade	343	243	0.8604945818494517	0.7746742872798538	0.9558222565928179	0.005065302968264421	0.7384236905586543	0.007490831072340903	0.4074472913189769	0.015316340186369988	0.057741927477331215
PAAD	Pancreatic adenocarcinoma	OS	176	92	0.2656053960598122	19.66005852	20.84360719	1.3821319267970942	1.095714155917569	1.7434188038504814	0.006305793640737486	age+male+stage+grade	172	91	1.2630847702668087	0.9840345672752907	1.6212673720369792	0.06671174680568098	0.8106320785226471	0.05704987894558215	0.5176211013150285	0.0441405554851624	0.26684698722272393
PAAD	Pancreatic adenocarcinoma	DSS	170	73	0.04444498139860596	19.82444028	inf	1.5507530063871542	1.182667664304179	2.0333986963562407	0.0015061508589902096	age+male+stage+grade	166	73	1.3938978964790971	1.0429280564024188	1.8629773490906594	0.024834456988264676	0.3816581161738952	0.1086829375475886	0.17777992559442382	0.018073810307882514	0.16178712364300468
PAAD	Pancreatic adenocarcinoma	PFS	176	103	0.017283391021985076	13.05191176	17.29296117	1.4646155648930026	1.1510005360807627	1.8636818017748804	0.0019101823149813943	age+male+stage+grade	172	102	1.410043149412551	1.0779426348336512	1.8444596390902464	0.012151935213880558	0.4313240772831889	0.11738960068081816	0.0691335640879403	0.015316340186369988	0.07048122424050723
PCPG	Pheochromocytoma and paraganglioma	PFS	175	19	0.2461226902389546	107.9001874	inf	1.0163244527492123	0.6458967664117755	1.599195795628858	0.9441841471446032	age+male	175	19	1.0323076962078461	0.651175731235942	1.636515503468338	0.8924124016550941	0.048877261753253215	0.048877261753253215	0.5053637946686957	0.9451308625036343	0.9212662500378795
PRAD	Prostate adenocarcinoma	OS	491	10	0.351242890178055	inf	inf	1.4328747984963917	0.7505043938115092	2.735667112805369	0.2756651884736895	age	491	10	1.5169655545671377	0.7796675845835548	2.9514943794570083	0.21979448841186672	0.9728797332057139	0.28222313049886066	0.5176211013150285	0.48192202465772455	0.40577444014498465
PRAD	Prostate adenocarcinoma	PFS	491	92	0.30418151881555905	inf	inf	1.117581605211549	0.9118544970405238	1.369723621872664	0.28417570018925387	age	491	92	1.1257253905777775	0.9175098058286827	1.3811924918305578	0.256407918684318	0.8985849662796905	0.6080197363644144	0.5725769765939935	0.5349189650621249	0.5544575861154754
READ	Rectum adenocarcinoma	OS	86	14	0.3376232822036274	inf	57.2377289	0.6990514562578041	0.4436834098402767	1.1014000696399169	0.12269221891658708	age+male+stage	82	13	1.062126137937205	0.5747794677593098	1.962686554005095	0.8474407429507719	0.08637069331648384	0.08637069331648384	0.5176211013150285	0.3817091255182709	0.9320207062159929
READ	Rectum adenocarcinoma	PFS	85	17	0.7727670263554645	inf	109.0179834	1.1842005408629879	0.6886746751709772	2.03627485014174	0.5409896759802034	age+male+stage	81	17	1.092236874813968	0.6512191751831437	1.8319199375047253	0.738088371216868	0.4813129389497445	0.2748273166926675	0.798932767948255	0.8243652205412624	0.912456128723859
SARC	Sarcoma	OS	252	96	0.3405569131644644	64.20751553	80.48130979	1.108125875927501	0.885910645305124	1.3860799205964673	0.36859258363384984	age+male	252	96	1.1049291400576708	0.8809195074566624	1.3859023375170807	0.38804656157815676	0.05928662532492115	0.05928662532492115	0.5176211013150285	0.5690003968436658	0.6652226769911259
SARC	Sarcoma	DSS	247	80	0.8447951226318993	76.40464214	81.00733143	0.9809800485341524	0.774639280816199	1.2422838338485978	0.8733722645559239	age+male	247	80	0.9786801027341535	0.7703537760056943	1.243343997681207	0.8599275633261292	0.14240880052027172	0.14240880052027172	0.9268840067018671	0.8986959697979442	0.9029239414924357
SARC	Sarcoma	PFS	252	136	0.773966118949872	29.39145872	19.56142946	0.9673983797967819	0.8054780976205286	1.161868495242852	0.7228517908960332	age+male	252	136	0.9775891246536603	0.8112523144063534	1.1780311497051863	0.8117367150605281	0.6314087839315845	0.4221125039944382	0.798932767948255	0.8896637426412717	0.912456128723859
SKCM	Skin cutaneous melanoma	OS	74	26	0.017489387691431657	23.70384982	44.51458066	1.2995486930536773	0.8143624186086161	2.0738024828097745	0.2718540951153193	age+male+stage	71	24	1.3764089131714794	0.853234727561528	2.2203755133973706	0.1903903565969079	0.7358848477722084	0.23974543032584633	0.1632342851200288	0.48192202465772455	0.3946470854702408
SKCM	Skin cutaneous melanoma	DSS	74	19	0.00012108373707472243	23.99973699	44.51458066	2.0852012679637455	1.0334668760746446	4.207260463376054	0.040181320288351495	age+male+stage	71	17	2.510579010941989	1.0498263504977903	6.00385670181911	0.03852074372452492	0.01951550757186219	0.01951550757186219	0.002906009689793338	0.10715018743560398	0.16178712364300468
SKCM	Skin cutaneous melanoma	PFS	74	32	0.001939741119269962	11.86836309	44.51458066	1.479676648578023	0.9357096832434437	2.339874240435175	0.09378369782496097	age+male+stage	71	29	1.4931062712198842	0.9541376566781397	2.3365248416227016	0.07934756697970752	0.6717900688863898	0.21998172358862705	0.018777434198469365	0.2500898608665626	0.32872563463021687
STAD	Stomach adenocarcinoma	OS	387	155	0.5512208951694315	34.29003518	27.3531249	0.9052898481973923	0.7744656692768437	1.0582130903420304	0.21150008784952004	age+male+stage+grade	367	145	0.8965844832139751	0.7594806350949194	1.0584387519500147	0.1973235427351204	0.11927519485117703	0.11927519485117703	0.7015538665792764	0.48192202465772455	0.3946470854702408
STAD	Stomach adenocarcinoma	DSS	364	93	0.2708259708581713	inf	69.04033928	0.8845885855436963	0.7236003834586114	1.0813937963024236	0.23150431228063234	age+male+stage+grade	349	90	0.8946828800509246	0.7263630068274813	1.1020074650447251	0.2953180386183135	0.004676342853613148	0.004676342853613148	0.43332155337307404	0.42739257651809043	0.4873961506330472
STAD	Stomach adenocarcinoma	PFS	389	133	0.23984482014060865	43.06802117	45.23786041	0.8707983608082649	0.7354686664234142	1.0310293555725847	0.10841257640783107	age+male+stage+grade	369	130	0.896153723893014	0.7535746010945026	1.0657093480604236	0.21492234906379654	0.0695096318768849	0.0695096318768849	0.5053637946686957	0.2668617265423534	0.519395676904175
TGCT	Testicular germ cell tumors	PFS	131	32	0.7435913806370522	inf	inf	1.0943398746567699	0.7415400683220303	1.6149899545869437	0.6498162308097954	age+stage	126	32	1.075907918657582	0.7185819838153922	1.6109196660954395	0.7223887727064151	0.9545699797857452	0.003241730571311069	0.798932767948255	0.8412368104717832	0.912456128723859
THCA	Thyroid carcinoma	OS	495	16	0.755442741612258	inf	inf	1.224057851575936	0.7147065806041473	2.0964094422331416	0.4614586805872263	age+male+stage	493	16	1.1829698874354864	0.7020094001999014	1.9934458914376854	0.5279776517656787	0.7000229285483786	0.7000229285483786	0.8460958706057289	0.6460421528221169	0.7839594676967615
THCA	Thyroid carcinoma	PFS	495	51	0.8476339148944373	inf	inf	1.0097061667319578	0.7668799892104926	1.3294212360217303	0.9451308625036343	age+male+stage	493	51	1.0344657561238524	0.7750521029319376	1.3807064022466988	0.8180641154075977	0.791875727753948	0.5611816364881281	0.8476339148944373	0.9451308625036343	0.912456128723859
THYM	Thymoma	PFS	117	21	0.42439334368200576	inf	inf	0.8298577365964026	0.5756096317274864	1.196407817086254	0.31769342580837545	age+male	117	21	0.8198777950391779	0.562917751876354	1.1941346609832164	0.3005866049151358	0.28585798428172643	0.12945036308885668	0.6121778236987041	0.5512932743427593	0.5544575861154754
UCEC	Uterine corpus endometrial carcinoma	OS	175	33	0.9184503764738705	102.3112076	110.102903	0.8822169473844133	0.6645058312769299	1.1712564519662079	0.3861074121439161	age+grade	169	31	0.7816676957140355	0.5627442253139829	1.0857586076196168	0.14177563847444305	0.07402046177664132	0.07402046177664132	0.9184503764738705	0.5690003968436658	0.37806836926518145
UCEC	Uterine corpus endometrial carcinoma	DSS	173	23	0.8882638397559559	102.3112076	inf	0.8503243186808697	0.6123041129899445	1.1808698187724886	0.33319152760431725	age+grade	167	21	0.6946169887590037	0.4588277264814836	1.051577167693455	0.08502080819674109	0.1526957309412693	0.1526957309412693	0.9268840067018671	0.5711854758931153	0.22317962151644535
UCEC	Uterine corpus endometrial carcinoma	PFS	175	44	0.6228968486208599	88.96340862	inf	0.8819439385469344	0.6859142614967759	1.1339975772516209	0.32733038164101336	age+grade	169	42	0.787704050733782	0.5894972528569614	1.0525539661725354	0.10660977157019409	0.2142073581336471	0.17349529683112747	0.7973079662347007	0.5512932743427593	0.34352037505951427
UCS	Uterine carcinosarcoma	OS	56	35	0.47488116392546276	27.55038301	21.92852681	1.056907515176238	0.7475381451630979	1.4943096922395724	0.7541023989959517	none	56	35							0.6331748852339503	0.8797861321619437	
UCS	Uterine carcinosarcoma	DSS	54	31	0.49761100750124854	27.55038301	26.62984515	1.1171179393518187	0.7769196433811495	1.6062825815428892	0.5500343408897487	none	54	31							0.6634813433349981	0.7333791211863316	
UCS	Uterine carcinosarcoma	PFS	56	37	0.25268189733434787	18.60801526	11.63822862	0.9667965954800208	0.7005837149744105	1.3341669768414466	0.8371908601279203	none	56	37							0.5053637946686957	0.9328549276288005	
UVM	Uveal melanoma	OS	79	22	0.06540330166345303	43.19952658	51.97751258	1.4167337953993053	0.8689956536922104	2.309717705144504	0.16244554530586922	none	79	22							0.4037184566809369	0.45484752685643376	
UVM	Uveal melanoma	DSS	79	20	0.020678129146793463	43.19952658	inf	1.4812281212611764	0.874162223668098	2.50987366853769	0.14425503744147686	none	79	20							0.09925501990460862	0.2885100748829537	
UVM	Uveal melanoma	PFS	78	28	0.002099548133660827	36.59137982	66.41023112	2.488259342082607	1.4595230059894202	4.242094525439943	0.0008106697606593027	none	78	28							0.018777434198469365	0.012970716170548843	
