cohort	comparator	n_tumour	n_normal	median_tumour	median_normal	log2FC	p	cliffs_delta	delta_lo	delta_hi	hedges_g	g_lo	g_hi	tissue_match	gtex_tissue	note	q	full_name
ACC	GTEx	77	128	7.4944000244140625	7.651099920272827	-0.15669989585876465	0.15077644711179117	-0.12002840909090906	-0.30063159496753245	0.07510399756493488	-0.09032193257419063	-0.3731303503005086	0.19248648515212735	good	Adrenal Gland		0.1619450728237757	Adrenocortical carcinoma
ACC	TCGA_adjacent	77	0													insufficient normals		Adrenocortical carcinoma
BLCA	GTEx	407	9	8.020299911499023	7.886600017547607	0.13369989395141602	0.5246113381644084	0.12421512421512415	-0.05707070707070711	0.2863909363909364	0.06118915679420117	-0.5993414150343581	0.7217197286227603	good	Bladder		0.5433474573845658	Bladder urothelial carcinoma
BLCA	TCGA_adjacent	407	19	8.020299911499023	8.103099822998047	-0.08279991149902344	0.490132028499784	-0.09375404112246222	-0.24195008405534724	0.05781068149489189	-0.2007066851712901	-0.6609357419456967	0.2595223716031166	good	Bladder		0.5146386299247732	Bladder urothelial carcinoma
BRCA	GTEx	1092	179	8.62814998626709	7.768700122833252	0.8594498634338379	6.25577640284357e-63	0.7798463175558148	0.7421327276075879	0.8167294646694088	1.4806290588588877	1.3124099116677186	1.6488482060500569	good	Breast		6.047250522748785e-62	Breast invasive carcinoma
BRCA	TCGA_adjacent	1092	113	8.62814998626709	8.547699928283691	0.08045005798339844	0.04466645186295792	0.1146066323057473	0.03220728386657592	0.2046936286427436	0.1258022205128774	-0.06794936835905391	0.3195538093848087	good	Breast		0.06699967779443688	Breast invasive carcinoma
CESC	GTEx	304	10	8.112800121307373	7.9912497997283936	0.12155032157897949	0.5473115403149238	0.1121710526315789	-0.10529605263157894	0.33424342105263144	0.06227182632499905	-0.5676652461766959	0.692208898826694	good	Cervix Uteri		0.5473115403149238	Cervical squamous cell carcinoma and endocervical adenocarcinoma
CESC	TCGA_adjacent	304	3	8.112800121307373	7.925899982452393	0.18690013885498047	0.3141473916544467	0.3388157894736843	0.14254385964912286	0.5855263157894737	0.3191339422149194	-0.8183244414075129	1.4565923258373519	good	Cervix Uteri		0.38806442498490473	Cervical squamous cell carcinoma and endocervical adenocarcinoma
CHOL	GTEx	36	110	8.182650089263916	6.210449934005737	1.9722001552581787	1.2397065838839578e-16	0.9212121212121211	0.8535227272727274	0.9732323232323232	2.4005903114120346	1.9331456111587046	2.8680350116653646	approximate	Liver		2.1147935842726338e-16	Cholangiocarcinoma
CHOL	TCGA_adjacent	36	9	8.182650089263916	6.305799961090088	1.8768501281738281	4.592351204467375e-06	1.0	1.0	1.0	3.956570962395303	2.846239315832669	5.066902608957937	approximate	Liver		1.2054921911726858e-05	Cholangiocarcinoma
COAD	GTEx	288	308	8.579100131988525	7.489950180053711	1.0891499519348145	6.497237975944909e-73	0.8554518398268398	0.8078480113636364	0.897502931096681	0.8275176379764642	0.6601080016881199	0.9949272742648084	good	Colon		9.420995065120119e-72	Colon adenocarcinoma
COAD	TCGA_adjacent	288	41	8.579100131988525	7.7129998207092285	0.8661003112792969	1.5258607272074972e-17	0.8229166666666667	0.7506690379403794	0.8895685128726286	1.5131277797665517	1.1660178347636907	1.8602377247694126	good	Colon		3.204307527135744e-16	Colon adenocarcinoma
DLBC	GTEx	47	100	8.425399780273438	7.730499982833862	0.6948997974395752	6.759983961999162e-08	0.553191489361702	0.35318085106382974	0.7493723404255318	0.5329769247733297	0.1809610984748487	0.8849927510718107	approximate	Spleen		8.523458039042421e-08	Lymphoid neoplasm diffuse large B-cell lymphoma
DLBC	TCGA_adjacent	47	0													insufficient normals		Lymphoid neoplasm diffuse large B-cell lymphoma
ESCA	GTEx	181	653	8.444700241088867	7.678999900817871	0.7657003402709961	3.568014475140674e-28	0.5341094650275398	0.4433549364175543	0.624395691792238	0.5649210879859676	0.39805561792675936	0.7317865580451759	good	Esophagus		9.406583616279959e-28	Esophageal carcinoma
ESCA	TCGA_adjacent	181	13	8.444700241088867	6.848499774932861	1.5962004661560059	0.0003438357320423168	0.5954101147471313	0.2902464938376541	0.8249468763280916	1.5289813671215933	0.9457836453524133	2.112179088890773	good	Esophagus		0.0006564136702626049	Esophageal carcinoma
GBM	GTEx	153	1152	8.030699729919434	6.752000093460083	1.2786996364593506	3.9453366528397134e-46	0.7086453794480756	0.624025706926289	0.782654349355483	0.8654053730390647	0.6935122700214016	1.0372984760567279	good	Brain		2.288295258647034e-45	Glioblastoma multiforme
GBM	TCGA_adjacent	153	5	8.030699729919434	7.817599773406982	0.21309995651245117	0.4267533409650431	0.21568627450980382	-0.006601307189542456	0.43797385620914997	0.013714899798331239	-0.8770324340482571	0.9044622336449197	good	Brain		0.47167474527715286	Glioblastoma multiforme
HNSC	GTEx	518	55	8.519649982452393	7.58519983291626	0.9344501495361328	1.0524490859172985e-23	0.8225342225342225	0.7676956826956827	0.8747051597051595	1.6037778730143677	1.3106638221699969	1.8968919238587385	approximate	Salivary Gland		2.3477710378155122e-23	Head and neck squamous cell carcinoma
HNSC	TCGA_adjacent	518	44	8.519649982452393	7.941050052642822	0.5785999298095703	4.842001815774837e-08	0.49521762021762017	0.3650337837837838	0.6183825465075465	0.8723221347166153	0.5603359946633353	1.1843082747698954	approximate	Salivary Gland		1.694700635521193e-07	Head and neck squamous cell carcinoma
KICH	GTEx	66	28	6.687700033187866	6.312000036239624	0.3756999969482422	0.14910758648313685	0.18939393939393945	-0.0941558441558441	0.4610930735930734	0.4968733133343915	0.04903344222753353	0.9447131844412495	good	Kidney		0.1619450728237757	Kidney chromophobe
KICH	TCGA_adjacent	66	25	6.687700033187866	7.639999866485596	-0.9522998332977295	3.85393753841176e-09	-0.8036363636363637	-0.9393939393939394	-0.6230000000000002	-1.5165687897589823	-2.027947612107802	-1.005189967410163	good	Kidney		1.618653766132939e-08	Kidney chromophobe
KIRC	GTEx	530	28	7.751149892807007	6.312000036239624	1.4391498565673828	4.755637814115131e-12	0.7746630727762802	0.65080525606469	0.8788443396226415	1.9552149187393921	1.5581569076741482	2.352272929804636	good	Kidney		7.258605084702042e-12	Kidney renal clear cell carcinoma
KIRC	TCGA_adjacent	530	72	7.751149892807007	7.8125	-0.061350107192993164	0.3713098291048792	-0.06491090146750522	-0.18500196540880504	0.054101808176100545	-0.19589999654105758	-0.4423279056728958	0.05052791259078063	good	Kidney		0.4331948006223591	Kidney renal clear cell carcinoma
KIRP	GTEx	288	28	7.369649887084961	6.312000036239624	1.057649850845337	3.8447447946541875e-08	0.6294642857142858	0.4598214285714286	0.7842323908730158	1.3786407257063344	0.9759428963611889	1.78133855505148	good	Kidney		5.068072683862338e-08	Kidney renal papillary cell carcinoma
KIRP	TCGA_adjacent	288	32	7.369649887084961	7.594249963760376	-0.22460007667541504	0.006548992871665628	-0.2930772569444444	-0.4283962673611111	-0.15253906250000007	-0.46398542078989624	-0.8309857602598519	-0.09698508131994055	good	Kidney		0.010579142331152168	Kidney renal papillary cell carcinoma
LAML	GTEx	173	0													insufficient normals		Acute myeloid leukemia
LAML	TCGA_adjacent	173	0													insufficient normals		Acute myeloid leukemia
LGG	GTEx	509	1152	8.252099990844727	6.752000093460083	1.5000998973846436	4.380394595354408e-201	0.9299910636323947	0.9140706007149094	0.944498207610238	1.317612304333584	1.2040687473715246	1.4311558612956432	good	Brain		1.2703144326527785e-199	Brain lower grade glioma
LGG	TCGA_adjacent	509	0													insufficient normals		Brain lower grade glioma
LIHC	GTEx	369	110	7.114799976348877	6.210449934005737	0.9043500423431396	9.982144914943051e-19	0.5547425474254744	0.45162971175166294	0.651172086720867	1.0406652430802286	0.8177404255418844	1.2635900606185728	good	Liver		1.929881350222323e-18	Liver hepatocellular carcinoma
LIHC	TCGA_adjacent	369	50	7.114799976348877	6.288750171661377	0.8260498046875	2.804355376645417e-16	0.7127371273712737	0.6314281842818428	0.7913306233062332	1.1722891035155292	0.8663920413180319	1.4781861657130264	good	Liver		2.9445731454776875e-15	Liver hepatocellular carcinoma
LUAD	GTEx	513	288	8.095000267028809	7.6399500370025635	0.4550502300262451	6.4259592722675165e-22	0.4093228828243447	0.34339990118042024	0.4805900747238466	0.5118607542919289	0.36537785198628026	0.6583436565975775	good	Lung		1.3310915635411283e-21	Lung adenocarcinoma
LUAD	TCGA_adjacent	513	59	8.095000267028809	7.724699974060059	0.37030029296875	1.1349392178983427e-07	0.42134998513232236	0.3239435689034261	0.5187630092179601	0.5857471700240164	0.3141655996124423	0.8573287404355906	good	Lung		3.404817653695028e-07	Lung adenocarcinoma
LUSC	GTEx	498	288	8.444649696350098	7.6399500370025635	0.8046996593475342	2.5169478253215897e-54	0.6637870928157072	0.6052472040941544	0.7190048387996429	0.9012765112968326	0.7494770431790682	1.0530759794145972	good	Lung		1.8247871733581526e-53	Lung squamous cell carcinoma
LUSC	TCGA_adjacent	498	50	8.444649696350098	7.740599870681763	0.704049825668335	4.6695033711156885e-14	0.6465060240963856	0.558066265060241	0.7281967871485945	1.0549227752080579	0.757498754846648	1.352346795569468	good	Lung		3.268652359780982e-13	Lung squamous cell carcinoma
MESO	GTEx	87	0													insufficient normals		Mesothelioma
MESO	TCGA_adjacent	87	0													insufficient normals		Mesothelioma
OV	GTEx	419	88	7.852399826049805	8.121600151062012	-0.26920032501220703	9.446666824228444e-05	-0.26461813842482096	-0.3621189520503363	-0.1685011661965719	-0.4134503989390634	-0.6446931887793735	-0.18220760909875322	good	Ovary		0.00011414722412609369	Ovarian serous cystadenocarcinoma
OV	TCGA_adjacent	419	0													insufficient normals		Ovarian serous cystadenocarcinoma
PAAD	GTEx	178	167	7.986949920654297	6.842199802398682	1.1447501182556152	4.082861026076728e-43	0.85749848617372	0.7988915427571822	0.908502657606136	0.9272481527648417	0.7049860677111963	1.1495102378184872	good	Pancreas		1.691470996517502e-42	Pancreatic adenocarcinoma
PAAD	TCGA_adjacent	178	4	7.986949920654297	7.600950002670288	0.3859999179840088	0.14597088248929993	0.4269662921348314	0.17970505617977528	0.6348314606741574	0.4156748761673545	-0.5762050746515306	1.4075548269862397	good	Pancreas		0.2043592354850199	Pancreatic adenocarcinoma
PCPG	GTEx	177	128	7.985899925231934	7.651099920272827	0.33480000495910645	3.110410620551001e-09	0.39764300847457634	0.28359926730225987	0.5088387182203389	0.33119894505780345	0.10226265012705157	0.5601352399885553	good	Adrenal Gland		4.295328952189477e-09	Pheochromocytoma and paraganglioma
PCPG	TCGA_adjacent	177	3	7.985899925231934	7.958399772644043	0.027500152587890625	0.8829954177389996	-0.05461393596986819	-0.8531073446327684	0.5819209039548023	-0.24818688092402344	-1.3896341986387128	0.8932604367906659	good	Adrenal Gland		0.8829954177389995	Pheochromocytoma and paraganglioma
PRAD	GTEx	495	100	8.10159969329834	7.2853498458862305	0.8162498474121094	8.064803322815543e-34	0.767979797979798	0.7008454545454545	0.8268282828282829	1.5558014380805758	1.323385508705782	1.7882173674553696	good	Prostate		2.3387929636165075e-33	Prostate adenocarcinoma
PRAD	TCGA_adjacent	495	52	8.10159969329834	7.847549915313721	0.25404977798461914	0.0003286113737487651	0.30260295260295256	0.1588150738150738	0.43986985236985227	0.41772448008156676	0.13092713431321795	0.7045218258499155	good	Prostate		0.0006564136702626049	Prostate adenocarcinoma
READ	GTEx	92	308	8.761800289154053	7.489950180053711	1.2718501091003418	5.960487474101865e-39	0.8966685488424619	0.8226990400903444	0.9550448193111237	0.7784060566454818	0.53933811914699	1.0174739941439734	approximate	Colon		2.1606767093619262e-38	Rectum adenocarcinoma
READ	TCGA_adjacent	92	10	8.761800289154053	7.968249797821045	0.7935504913330078	0.00010107402754274558	0.7521739130434784	0.5652173913043479	0.8956521739130434	1.4889219783201593	0.804452461779892	2.1733914948604265	approximate	Colon		0.00023583939759973967	Rectum adenocarcinoma
SARC	GTEx	258	515	8.077199935913086	7.806300163269043	0.27089977264404297	9.57612532170965e-11	0.2852637916760743	0.2012051253104539	0.37429950327387673	0.37743017155036346	0.22675092324696203	0.5281094198537649	approximate	Adipose Tissue		1.3885381716478993e-10	Sarcoma
SARC	TCGA_adjacent	258	2													insufficient normals		Sarcoma
SKCM	GTEx	102	556	8.433799743652344	7.77714991569519	0.6566498279571533	1.7673992835262433e-25	0.6492805755395683	0.5325530751869092	0.7563139194526731	1.208026315920015	0.9870170854411839	1.4290355463988462	good	Skin		4.271214935188421e-25	Skin cutaneous melanoma
SKCM	TCGA_adjacent	102	1													insufficient normals		Skin cutaneous melanoma
STAD	GTEx	414	174	8.058849811553955	7.0030999183654785	1.0557498931884766	4.609573321116765e-36	0.6545893719806763	0.5857022877450164	0.7208958020989505	0.9251498766409473	0.7403178503301837	1.1099819029517108	good	Stomach		1.485306959026513e-35	Stomach adenocarcinoma
STAD	TCGA_adjacent	414	36	8.058849811553955	6.9613001346588135	1.0975496768951416	5.029749178538365e-13	0.7256441223832528	0.6206219806763286	0.8205884326355342	1.5082307591747186	1.1536276405159511	1.862833877833486	good	Stomach		2.6406183187326415e-12	Stomach adenocarcinoma
TGCT	GTEx	148	165	9.145599842071533	7.53980016708374	1.605799674987793	1.4308522500739096e-43	0.9062244062244063	0.8429954954954955	0.961183456183456	2.735151054285436	2.4262114270543567	3.044090681516515	good	Testis		6.9157858753572294e-43	Testicular germ cell tumors
TGCT	TCGA_adjacent	148	0													insufficient normals		Testicular germ cell tumors
THCA	GTEx	504	279	7.998899936676025	7.671899795532227	0.32700014114379883	2.66010487539059e-17	0.3647451214655515	0.2962482932240997	0.433481609489674	0.3656355182995769	0.2182577897741919	0.513013246824962	good	Thyroid		4.821440086645444e-17	Thyroid carcinoma
THCA	TCGA_adjacent	504	59	7.998899936676025	8.21969985961914	-0.22079992294311523	0.0008239595954621338	-0.2659739036857681	-0.41025104250739847	-0.1251252690341674	-0.3726379603066582	-0.643210546081789	-0.10206537453152748	good	Thyroid		0.001441929292058734	Thyroid carcinoma
THYM	GTEx	119	0													insufficient normals		Thymoma
THYM	TCGA_adjacent	119	2													insufficient normals		Thymoma
UCEC	GTEx	180	78	8.360849857330322	8.105050086975098	0.2557997703552246	0.002233228001494162	0.23981481481481493	0.10334223646723648	0.37396189458689444	0.10640038739023945	-0.15945379721109015	0.372254571991569	good	Uterus		0.002590544481733228	Uterine corpus endometrial carcinoma
UCEC	TCGA_adjacent	180	23	8.360849857330322	8.127699851989746	0.23315000534057617	0.16254192209656926	0.17922705314009657	0.0019082125603864422	0.3386714975845409	0.0012386871082980557	-0.43277551063330555	0.43525288484990166	good	Uterus		0.21333627275174716	Uterine corpus endometrial carcinoma
UCS	GTEx	57	78	8.619999885559082	8.105050086975098	0.5149497985839844	2.450270155846717e-13	0.7395411605937923	0.6068376068376069	0.8560503823661718	1.4981972822337828	1.1121086241045033	1.8842859403630623	good	Uterus		3.9476574733086e-13	Uterine carcinosarcoma
UCS	TCGA_adjacent	57	0													insufficient normals		Uterine carcinosarcoma
UVM	GTEx	79	0													insufficient normals		Uveal melanoma
UVM	TCGA_adjacent	79	0													insufficient normals		Uveal melanoma
